timestamp,step,action,reasoning,observations,hp,ammo_handgun,ammo_shotgun,herbs,ink_ribbons,room_danger
2025-01-01T12:00:00,0,shoot_handgun,engaging enemy with handgun,"Room 1, danger level 6.4",1166.4,29,8,5,3,6.4
2025-01-01T12:00:05,1,shoot_handgun,engaging enemy with handgun,"Room 1, danger level 6.4",1143.9,26,8,5,3,6.4
2025-01-01T12:00:10,2,pick_up_item,found item in room,"Room 1, danger level 6.4",1143.9,26,10,5,3,6.4
2025-01-01T12:00:15,3,shoot_handgun,engaging enemy with handgun,"Room 1, danger level 6.4",1113.0,23,10,5,3,6.4
2025-01-01T12:00:20,4,shoot_handgun,engaging enemy with handgun,"Room 1, danger level 6.4",1084.3,20,10,5,3,6.4
2025-01-01T12:00:25,5,explore,searching current room,"Room 1, danger level 6.4",1084.3,20,10,5,3,6.4
2025-01-01T12:00:30,6,explore,searching current room,"Room 1, danger level 6.4",1084.3,20,10,5,3,6.4
2025-01-01T12:00:35,7,explore,searching current room,"Room 1, danger level 6.4",1084.3,20,10,5,3,6.4
2025-01-01T12:00:40,8,shoot_handgun,engaging enemy with handgun,"Room 1, danger level 6.4",1041.3,18,10,5,3,6.4
2025-01-01T12:00:45,9,shoot_handgun,engaging enemy with handgun,"Room 1, danger level 6.4",964.1,16,10,5,3,6.4
2025-01-01T12:00:50,10,shoot_handgun,engaging enemy with handgun,"Room 1, danger level 6.4",923.8,14,10,5,3,6.4
2025-01-01T12:00:55,11,explore,searching current room,"Room 1, danger level 6.4",923.8,14,10,5,3,6.4
2025-01-01T12:01:00,12,explore,searching current room,"Room 1, danger level 6.4",923.8,14,10,5,3,6.4
2025-01-01T12:01:05,13,explore,searching current room,"Room 1, danger level 6.4",923.8,14,10,5,3,6.4
2025-01-01T12:01:10,14,shoot_handgun,engaging enemy with handgun,"Room 1, danger level 6.4",872.6,11,10,5,3,6.4
2025-01-01T12:01:15,15,shoot_shotgun,"high danger room, using shotgun","Room 40, danger level 8.9",849.1,11,9,5,3,8.9
2025-01-01T12:01:20,16,shoot_shotgun,"high danger room, using shotgun","Room 40, danger level 8.9",800.7,11,8,5,3,8.9
2025-01-01T12:01:25,17,explore,searching current room,"Room 40, danger level 8.9",800.7,11,8,5,3,8.9
2025-01-01T12:01:30,18,explore,searching current room,"Room 40, danger level 8.9",800.7,11,8,5,3,8.9
2025-01-01T12:01:35,19,shoot_shotgun,"high danger room, using shotgun","Room 40, danger level 8.9",763.3,11,7,5,3,8.9
2025-01-01T12:01:40,20,pick_up_item,found item in room,"Room 40, danger level 8.9",763.3,11,11,5,3,8.9
2025-01-01T12:01:45,21,explore,searching current room,"Room 40, danger level 8.9",763.3,11,11,5,3,8.9
2025-01-01T12:01:50,22,shoot_shotgun,"high danger room, using shotgun","Room 40, danger level 8.9",716.3,11,10,5,3,8.9
2025-01-01T12:01:55,23,shoot_shotgun,"high danger room, using shotgun","Room 40, danger level 8.9",690.0,11,9,5,3,8.9
2025-01-01T12:02:00,24,shoot_shotgun,"high danger room, using shotgun","Room 40, danger level 8.9",662.4,11,8,5,3,8.9
2025-01-01T12:02:05,25,explore,searching current room,"Room 40, danger level 8.9",662.4,11,8,5,3,8.9
2025-01-01T12:02:10,26,shoot_shotgun,"high danger room, using shotgun","Room 40, danger level 8.9",631.8,11,7,5,3,8.9
2025-01-01T12:02:15,27,pick_up_item,found item in room,"Room 40, danger level 8.9",631.8,11,7,5,4,8.9
2025-01-01T12:02:20,28,explore,searching current room,"Room 40, danger level 8.9",631.8,11,7,5,4,8.9
2025-01-01T12:02:25,29,shoot_shotgun,"high danger room, using shotgun","Room 40, danger level 8.9",570.0,11,6,5,4,8.9
2025-01-01T12:02:30,30,shoot_shotgun,"high danger room, using shotgun","Room 37, danger level 8.8",522.4,11,5,5,4,8.8
2025-01-01T12:02:35,31,shoot_shotgun,"high danger room, using shotgun","Room 37, danger level 8.8",461.2,11,4,5,4,8.8
2025-01-01T12:02:40,32,shoot_shotgun,"high danger room, using shotgun","Room 37, danger level 8.8",434.1,11,3,5,4,8.8
2025-01-01T12:02:45,33,shoot_shotgun,"high danger room, using shotgun","Room 37, danger level 8.8",391.5,11,2,5,4,8.8
2025-01-01T12:02:50,34,shoot_shotgun,"high danger room, using shotgun","Room 37, danger level 8.8",347.6,11,1,5,4,8.8
2025-01-01T12:02:55,35,pick_up_item,found item in room,"Room 37, danger level 8.8",347.6,11,1,5,4,8.8
2025-01-01T12:03:00,36,shoot_shotgun,"high danger room, using shotgun","Room 37, danger level 8.8",329.7,11,0,5,4,8.8
2025-01-01T12:03:05,37,shoot_handgun,engaging enemy with handgun,"Room 37, danger level 8.8",298.1,8,0,5,4,8.8
2025-01-01T12:03:10,38,use_herb,"HP critical, healing before combat","Room 37, danger level 8.8",617.4,8,0,4,4,8.8
2025-01-01T12:03:15,39,shoot_handgun,engaging enemy with handgun,"Room 37, danger level 8.8",543.3,6,0,4,4,8.8
2025-01-01T12:03:20,40,shoot_handgun,engaging enemy with handgun,"Room 37, danger level 8.8",436.3,5,0,4,4,8.8
2025-01-01T12:03:25,41,use_herb,healing during safe moment,"Room 37, danger level 8.8",813.2,5,0,3,4,8.8
2025-01-01T12:03:30,42,explore,searching current room,"Room 37, danger level 8.8",813.2,5,0,3,4,8.8
2025-01-01T12:03:35,43,shoot_handgun,engaging enemy with handgun,"Room 37, danger level 8.8",765.6,4,0,3,4,8.8
2025-01-01T12:03:40,44,shoot_handgun,engaging enemy with handgun,"Room 37, danger level 8.8",660.1,1,0,3,4,8.8
2025-01-01T12:03:45,45,explore,searching current room,"Room 17, danger level 9.7",660.1,1,0,3,4,9.7
2025-01-01T12:03:50,46,shoot_handgun,engaging enemy with handgun,"Room 17, danger level 9.7",575.0,0,0,3,4,9.7
2025-01-01T12:03:55,47,dodge,"no ammo, dodging enemy","Room 17, danger level 9.7",540.1,0,0,3,4,9.7
2025-01-01T12:04:00,48,dodge,"no ammo, dodging enemy","Room 17, danger level 9.7",508.1,0,0,3,4,9.7
2025-01-01T12:04:05,49,explore,searching current room,"Room 17, danger level 9.7",508.1,0,0,3,4,9.7
2025-01-01T12:04:10,50,dodge,"no ammo, dodging enemy","Room 17, danger level 9.7",450.7,0,0,3,4,9.7
2025-01-01T12:04:15,51,dodge,"no ammo, dodging enemy","Room 17, danger level 9.7",403.0,0,0,3,4,9.7
2025-01-01T12:04:20,52,pick_up_item,found item in room,"Room 17, danger level 9.7",403.0,14,0,3,4,9.7
2025-01-01T12:04:25,53,use_herb,healing during safe moment,"Room 17, danger level 9.7",700.2,14,0,2,4,9.7
2025-01-01T12:04:30,54,shoot_handgun,engaging enemy with handgun,"Room 17, danger level 9.7",602.0,13,0,2,4,9.7
2025-01-01T12:04:35,55,shoot_handgun,engaging enemy with handgun,"Room 17, danger level 9.7",531.5,10,0,2,4,9.7
2025-01-01T12:04:40,56,shoot_handgun,engaging enemy with handgun,"Room 17, danger level 9.7",456.0,7,0,2,4,9.7
2025-01-01T12:04:45,57,shoot_handgun,engaging enemy with handgun,"Room 17, danger level 9.7",411.1,4,0,2,4,9.7
2025-01-01T12:04:50,58,explore,searching current room,"Room 17, danger level 9.7",411.1,4,0,2,4,9.7
2025-01-01T12:04:55,59,shoot_handgun,engaging enemy with handgun,"Room 17, danger level 9.7",321.5,2,0,2,4,9.7
2025-01-01T12:05:00,60,shoot_handgun,engaging enemy with handgun,"Room 29, danger level 9.0",276.7,1,0,2,4,9.0
2025-01-01T12:05:05,61,use_herb,"HP critical, healing before combat","Room 29, danger level 9.0",522.7,1,0,1,4,9.0
2025-01-01T12:05:10,62,shoot_handgun,engaging enemy with handgun,"Room 29, danger level 9.0",493.9,0,0,1,4,9.0
2025-01-01T12:05:15,63,dodge,"no ammo, dodging enemy","Room 29, danger level 9.0",471.0,0,0,1,4,9.0
2025-01-01T12:05:20,64,dodge,"no ammo, dodging enemy","Room 29, danger level 9.0",429.2,0,0,1,4,9.0
2025-01-01T12:05:25,65,dodge,"no ammo, dodging enemy","Room 29, danger level 9.0",391.2,0,0,1,4,9.0
2025-01-01T12:05:30,66,run,"low resources, fleeing","Room 37, danger level 9.0",362.8,0,0,1,4,9.0
2025-01-01T12:05:35,67,run,"low resources, fleeing","Room 31, danger level 8.8",345.5,0,0,1,4,8.8
2025-01-01T12:05:40,68,run,"low resources, fleeing","Room 28, danger level 8.1",334.3,0,0,1,4,8.1
2025-01-01T12:05:45,69,pick_up_item,found item in room,"Room 28, danger level 3.5",334.3,0,0,2,4,3.5
2025-01-01T12:05:50,70,use_herb,healing during safe moment,"Room 28, danger level 3.5",680.0,0,0,1,4,3.5
2025-01-01T12:05:55,71,pick_up_item,found item in room,"Room 28, danger level 3.5",680.0,13,0,1,4,3.5
2025-01-01T12:06:00,72,explore,searching current room,"Room 28, danger level 3.5",680.0,13,0,1,4,3.5
2025-01-01T12:06:05,73,pick_up_item,found item in room,"Room 28, danger level 3.5",680.0,13,0,1,4,3.5
2025-01-01T12:06:10,74,explore,searching current room,"Room 28, danger level 3.5",680.0,13,0,1,4,3.5
2025-01-01T12:06:15,75,explore,searching current room,"Room 36, danger level 1.0",680.0,13,0,1,4,1.0
2025-01-01T12:06:20,76,dodge,avoiding minor threat,"Room 36, danger level 1.0",667.2,13,0,1,4,1.0
2025-01-01T12:06:25,77,explore,searching current room,"Room 36, danger level 1.0",667.2,13,0,1,4,1.0
2025-01-01T12:06:30,78,explore,searching current room,"Room 36, danger level 1.0",667.2,13,0,1,4,1.0
2025-01-01T12:06:35,79,pick_up_item,found item in room,"Room 36, danger level 1.0",667.2,24,0,1,4,1.0
2025-01-01T12:06:40,80,save_game,saving progress at typewriter,"Room 36, danger level 1.0",667.2,24,0,1,3,1.0
2025-01-01T12:06:45,81,explore,searching current room,"Room 36, danger level 1.0",667.2,24,0,1,3,1.0
2025-01-01T12:06:50,82,explore,searching current room,"Room 36, danger level 1.0",667.2,24,0,1,3,1.0
2025-01-01T12:06:55,83,explore,searching current room,"Room 36, danger level 1.0",667.2,24,0,1,3,1.0
2025-01-01T12:07:00,84,pick_up_item,found item in room,"Room 36, danger level 1.0",667.2,29,0,1,3,1.0
2025-01-01T12:07:05,85,explore,searching current room,"Room 36, danger level 1.0",667.2,29,0,1,3,1.0
2025-01-01T12:07:10,86,pick_up_item,found item in room,"Room 36, danger level 1.0",667.2,29,0,2,3,1.0
2025-01-01T12:07:15,87,explore,searching current room,"Room 36, danger level 1.0",667.2,29,0,2,3,1.0
2025-01-01T12:07:20,88,explore,searching current room,"Room 36, danger level 1.0",667.2,29,0,2,3,1.0
2025-01-01T12:07:25,89,pick_up_item,found item in room,"Room 36, danger level 1.0",667.2,29,0,3,3,1.0
2025-01-01T12:07:30,90,explore,searching current room,"Room 16, danger level 4.0",667.2,29,0,3,3,4.0
2025-01-01T12:07:35,91,pick_up_item,found item in room,"Room 16, danger level 4.0",667.2,44,0,3,3,4.0
2025-01-01T12:07:40,92,explore,searching current room,"Room 16, danger level 4.0",667.2,44,0,3,3,4.0
2025-01-01T12:07:45,93,pick_up_item,found item in room,"Room 16, danger level 4.0",667.2,44,0,3,4,4.0
2025-01-01T12:07:50,94,shoot_handgun,"mild threat, quick handgun shot","Room 16, danger level 4.0",654.0,43,0,3,4,4.0
2025-01-01T12:07:55,95,explore,searching current room,"Room 16, danger level 4.0",654.0,43,0,3,4,4.0
2025-01-01T12:08:00,96,pick_up_item,found item in room,"Room 16, danger level 4.0",654.0,43,2,3,4,4.0
2025-01-01T12:08:05,97,shoot_handgun,"mild threat, quick handgun shot","Room 16, danger level 4.0",644.2,42,2,3,4,4.0
2025-01-01T12:08:10,98,explore,searching current room,"Room 16, danger level 4.0",644.2,42,2,3,4,4.0
2025-01-01T12:08:15,99,explore,searching current room,"Room 16, danger level 4.0",644.2,42,2,3,4,4.0
2025-01-01T12:08:20,100,dodge,avoiding minor threat,"Room 16, danger level 4.0",609.2,42,2,3,4,4.0
2025-01-01T12:08:25,101,explore,searching current room,"Room 16, danger level 4.0",609.2,42,2,3,4,4.0
2025-01-01T12:08:30,102,pick_up_item,found item in room,"Room 16, danger level 4.0",609.2,42,2,3,5,4.0
2025-01-01T12:08:35,103,explore,searching current room,"Room 16, danger level 4.0",609.2,42,2,3,5,4.0
2025-01-01T12:08:40,104,pick_up_item,found item in room,"Room 16, danger level 4.0",609.2,48,2,3,5,4.0
2025-01-01T12:08:45,105,explore,searching current room,"Room 36, danger level 1.0",609.2,48,2,3,5,1.0
2025-01-01T12:08:50,106,explore,searching current room,"Room 36, danger level 1.0",609.2,48,2,3,5,1.0
2025-01-01T12:08:55,107,explore,searching current room,"Room 36, danger level 1.0",609.2,48,2,3,5,1.0
2025-01-01T12:09:00,108,explore,searching current room,"Room 36, danger level 1.0",609.2,48,2,3,5,1.0
2025-01-01T12:09:05,109,pick_up_item,found item in room,"Room 36, danger level 1.0",609.2,48,2,4,5,1.0
2025-01-01T12:09:10,110,pick_up_item,found item in room,"Room 36, danger level 1.0",609.2,48,5,4,5,1.0
2025-01-01T12:09:15,111,explore,searching current room,"Room 36, danger level 1.0",609.2,48,5,4,5,1.0
2025-01-01T12:09:20,112,explore,searching current room,"Room 36, danger level 1.0",609.2,48,5,4,5,1.0
2025-01-01T12:09:25,113,pick_up_item,found item in room,"Room 36, danger level 1.0",609.2,55,5,4,5,1.0
2025-01-01T12:09:30,114,explore,searching current room,"Room 36, danger level 1.0",609.2,55,5,4,5,1.0
2025-01-01T12:09:35,115,pick_up_item,found item in room,"Room 36, danger level 1.0",609.2,64,5,4,5,1.0
2025-01-01T12:09:40,116,explore,searching current room,"Room 36, danger level 1.0",609.2,64,5,4,5,1.0
2025-01-01T12:09:45,117,pick_up_item,found item in room,"Room 36, danger level 1.0",609.2,64,8,4,5,1.0
2025-01-01T12:09:50,118,explore,searching current room,"Room 36, danger level 1.0",609.2,64,8,4,5,1.0
2025-01-01T12:09:55,119,explore,searching current room,"Room 36, danger level 1.0",609.2,64,8,4,5,1.0
2025-01-01T12:10:00,120,explore,searching current room,"Room 40, danger level 8.9",609.2,64,8,4,5,8.9
2025-01-01T12:10:05,121,shoot_shotgun,"high danger room, using shotgun","Room 40, danger level 8.9",587.3,64,7,4,5,8.9
2025-01-01T12:10:10,122,use_herb,healing during safe moment,"Room 40, danger level 8.9",869.7,64,7,3,5,8.9
2025-01-01T12:10:15,123,shoot_shotgun,"high danger room, using shotgun","Room 40, danger level 8.9",807.3,64,6,3,5,8.9
2025-01-01T12:10:20,124,explore,searching current room,"Room 40, danger level 8.9",807.3,64,6,3,5,8.9
2025-01-01T12:10:25,125,explore,searching current room,"Room 40, danger level 8.9",807.3,64,6,3,5,8.9
2025-01-01T12:10:30,126,shoot_shotgun,"high danger room, using shotgun","Room 40, danger level 8.9",785.6,64,5,3,5,8.9
2025-01-01T12:10:35,127,explore,searching current room,"Room 40, danger level 8.9",785.6,64,5,3,5,8.9
2025-01-01T12:10:40,128,shoot_shotgun,"high danger room, using shotgun","Room 40, danger level 8.9",747.3,64,4,3,5,8.9
2025-01-01T12:10:45,129,shoot_shotgun,"high danger room, using shotgun","Room 40, danger level 8.9",685.2,64,3,3,5,8.9
2025-01-01T12:10:50,130,shoot_shotgun,"high danger room, using shotgun","Room 40, danger level 8.9",628.4,64,2,3,5,8.9
2025-01-01T12:10:55,131,pick_up_item,found item in room,"Room 40, danger level 8.9",628.4,64,2,4,5,8.9
2025-01-01T12:11:00,132,shoot_shotgun,"high danger room, using shotgun","Room 40, danger level 8.9",600.3,64,1,4,5,8.9
2025-01-01T12:11:05,133,shoot_shotgun,"high danger room, using shotgun","Room 40, danger level 8.9",545.9,64,0,4,5,8.9
2025-01-01T12:11:10,134,shoot_handgun,engaging enemy with handgun,"Room 40, danger level 8.9",478.7,61,0,4,5,8.9
2025-01-01T12:11:15,135,shoot_handgun,"mild threat, quick handgun shot","Room 35, danger level 3.3",456.9,60,0,4,5,3.3
2025-01-01T12:11:20,136,pick_up_item,found item in room,"Room 35, danger level 3.3",456.9,60,0,5,5,3.3
2025-01-01T12:11:25,137,explore,searching current room,"Room 35, danger level 3.3",456.9,60,0,5,5,3.3
2025-01-01T12:11:30,138,use_herb,healing during safe moment,"Room 35, danger level 3.3",836.8,60,0,4,5,3.3
2025-01-01T12:11:35,139,shoot_handgun,"mild threat, quick handgun shot","Room 35, danger level 3.3",830.0,59,0,4,5,3.3
2025-01-01T12:11:40,140,explore,searching current room,"Room 35, danger level 3.3",830.0,59,0,4,5,3.3
2025-01-01T12:11:45,141,explore,searching current room,"Room 35, danger level 3.3",830.0,59,0,4,5,3.3
2025-01-01T12:11:50,142,pick_up_item,found item in room,"Room 35, danger level 3.3",830.0,59,4,4,5,3.3
2025-01-01T12:11:55,143,explore,searching current room,"Room 35, danger level 3.3",830.0,59,4,4,5,3.3
2025-01-01T12:12:00,144,shoot_handgun,"mild threat, quick handgun shot","Room 35, danger level 3.3",807.8,58,4,4,5,3.3
2025-01-01T12:12:05,145,explore,searching current room,"Room 35, danger level 3.3",807.8,58,4,4,5,3.3
2025-01-01T12:12:10,146,explore,searching current room,"Room 35, danger level 3.3",807.8,58,4,4,5,3.3
2025-01-01T12:12:15,147,shoot_handgun,"mild threat, quick handgun shot","Room 35, danger level 3.3",789.8,57,4,4,5,3.3
2025-01-01T12:12:20,148,pick_up_item,found item in room,"Room 35, danger level 3.3",789.8,57,4,5,5,3.3
2025-01-01T12:12:25,149,explore,searching current room,"Room 35, danger level 3.3",789.8,57,4,5,5,3.3
2025-01-01T12:12:30,150,explore,searching current room,"Room 20, danger level 2.9",789.8,57,4,5,5,2.9
2025-01-01T12:12:35,151,explore,searching current room,"Room 20, danger level 2.9",789.8,57,4,5,5,2.9
2025-01-01T12:12:40,152,pick_up_item,found item in room,"Room 20, danger level 2.9",789.8,57,7,5,5,2.9
2025-01-01T12:12:45,153,explore,searching current room,"Room 20, danger level 2.9",789.8,57,7,5,5,2.9
2025-01-01T12:12:50,154,explore,searching current room,"Room 20, danger level 2.9",789.8,57,7,5,5,2.9
2025-01-01T12:12:55,155,shoot_handgun,"mild threat, quick handgun shot","Room 20, danger level 2.9",766.7,56,7,5,5,2.9
2025-01-01T12:13:00,156,explore,searching current room,"Room 20, danger level 2.9",766.7,56,7,5,5,2.9
2025-01-01T12:13:05,157,dodge,avoiding minor threat,"Room 20, danger level 2.9",755.3,56,7,5,5,2.9
2025-01-01T12:13:10,158,explore,searching current room,"Room 20, danger level 2.9",755.3,56,7,5,5,2.9
2025-01-01T12:13:15,159,explore,searching current room,"Room 20, danger level 2.9",755.3,56,7,5,5,2.9
2025-01-01T12:13:20,160,save_game,saving progress at typewriter,"Room 20, danger level 2.9",755.3,56,7,5,4,2.9
2025-01-01T12:13:25,161,explore,searching current room,"Room 20, danger level 2.9",755.3,56,7,5,4,2.9
2025-01-01T12:13:30,162,pick_up_item,found item in room,"Room 20, danger level 2.9",755.3,56,7,6,4,2.9
2025-01-01T12:13:35,163,explore,searching current room,"Room 20, danger level 2.9",755.3,56,7,6,4,2.9
2025-01-01T12:13:40,164,explore,searching current room,"Room 20, danger level 2.9",755.3,56,7,6,4,2.9
2025-01-01T12:13:45,165,explore,searching current room,"Room 15, danger level 1.8",755.3,56,7,6,4,1.8
2025-01-01T12:13:50,166,dodge,avoiding minor threat,"Room 15, danger level 1.8",737.8,56,7,6,4,1.8
2025-01-01T12:13:55,167,explore,searching current room,"Room 15, danger level 1.8",737.8,56,7,6,4,1.8
2025-01-01T12:14:00,168,explore,searching current room,"Room 15, danger level 1.8",737.8,56,7,6,4,1.8
2025-01-01T12:14:05,169,explore,searching current room,"Room 15, danger level 1.8",737.8,56,7,6,4,1.8
2025-01-01T12:14:10,170,explore,searching current room,"Room 15, danger level 1.8",737.8,56,7,6,4,1.8
2025-01-01T12:14:15,171,explore,searching current room,"Room 15, danger level 1.8",737.8,56,7,6,4,1.8
2025-01-01T12:14:20,172,explore,searching current room,"Room 15, danger level 1.8",737.8,56,7,6,4,1.8
2025-01-01T12:14:25,173,explore,searching current room,"Room 15, danger level 1.8",737.8,56,7,6,4,1.8
2025-01-01T12:14:30,174,explore,searching current room,"Room 15, danger level 1.8",737.8,56,7,6,4,1.8
2025-01-01T12:14:35,175,explore,searching current room,"Room 15, danger level 1.8",737.8,56,7,6,4,1.8
2025-01-01T12:14:40,176,explore,searching current room,"Room 15, danger level 1.8",737.8,56,7,6,4,1.8
2025-01-01T12:14:45,177,explore,searching current room,"Room 15, danger level 1.8",737.8,56,7,6,4,1.8
2025-01-01T12:14:50,178,shoot_handgun,"mild threat, quick handgun shot","Room 15, danger level 1.8",726.7,55,7,6,4,1.8
2025-01-01T12:14:55,179,explore,searching current room,"Room 15, danger level 1.8",726.7,55,7,6,4,1.8
2025-01-01T12:15:00,180,pick_up_item,found item in room,"Room 9, danger level 1.5",726.7,66,7,6,4,1.5
2025-01-01T12:15:05,181,explore,searching current room,"Room 9, danger level 1.5",726.7,66,7,6,4,1.5
2025-01-01T12:15:10,182,pick_up_item,found item in room,"Room 9, danger level 1.5",726.7,66,9,6,4,1.5
2025-01-01T12:15:15,183,explore,searching current room,"Room 9, danger level 1.5",726.7,66,9,6,4,1.5
2025-01-01T12:15:20,184,pick_up_item,found item in room,"Room 9, danger level 1.5",726.7,66,14,6,4,1.5
2025-01-01T12:15:25,185,explore,searching current room,"Room 9, danger level 1.5",726.7,66,14,6,4,1.5
2025-01-01T12:15:30,186,explore,searching current room,"Room 9, danger level 1.5",726.7,66,14,6,4,1.5
2025-01-01T12:15:35,187,explore,searching current room,"Room 9, danger level 1.5",726.7,66,14,6,4,1.5
2025-01-01T12:15:40,188,pick_up_item,found item in room,"Room 9, danger level 1.5",726.7,66,16,6,4,1.5
2025-01-01T12:15:45,189,explore,searching current room,"Room 9, danger level 1.5",726.7,66,16,6,4,1.5
2025-01-01T12:15:50,190,explore,searching current room,"Room 9, danger level 1.5",726.7,66,16,6,4,1.5
2025-01-01T12:15:55,191,explore,searching current room,"Room 9, danger level 1.5",726.7,66,16,6,4,1.5
2025-01-01T12:16:00,192,explore,searching current room,"Room 9, danger level 1.5",726.7,66,16,6,4,1.5
2025-01-01T12:16:05,193,explore,searching current room,"Room 9, danger level 1.5",726.7,66,16,6,4,1.5
2025-01-01T12:16:10,194,pick_up_item,found item in room,"Room 9, danger level 1.5",726.7,66,21,6,4,1.5
2025-01-01T12:16:15,195,pick_up_item,found item in room,"Room 12, danger level 0.5",726.7,66,26,6,4,0.5
2025-01-01T12:16:20,196,explore,searching current room,"Room 12, danger level 0.5",726.7,66,26,6,4,0.5
2025-01-01T12:16:25,197,explore,searching current room,"Room 12, danger level 0.5",726.7,66,26,6,4,0.5
2025-01-01T12:16:30,198,explore,searching current room,"Room 12, danger level 0.5",726.7,66,26,6,4,0.5
2025-01-01T12:16:35,199,explore,searching current room,"Room 12, danger level 0.5",726.7,66,26,6,4,0.5
2025-01-01T12:16:40,200,pick_up_item,found item in room,"Room 12, danger level 0.5",726.7,66,26,6,4,0.5
2025-01-01T12:16:45,201,pick_up_item,found item in room,"Room 12, danger level 0.5",726.7,71,26,6,4,0.5
2025-01-01T12:16:50,202,pick_up_item,found item in room,"Room 12, danger level 0.5",726.7,71,28,6,4,0.5
2025-01-01T12:16:55,203,pick_up_item,found item in room,"Room 12, danger level 0.5",726.7,71,28,7,4,0.5
2025-01-01T12:17:00,204,pick_up_item,found item in room,"Room 12, danger level 0.5",726.7,71,28,8,4,0.5
2025-01-01T12:17:05,205,pick_up_item,found item in room,"Room 12, danger level 0.5",726.7,71,28,8,5,0.5
2025-01-01T12:17:10,206,pick_up_item,found item in room,"Room 12, danger level 0.5",726.7,80,28,8,5,0.5
2025-01-01T12:17:15,207,explore,searching current room,"Room 12, danger level 0.5",726.7,80,28,8,5,0.5
2025-01-01T12:17:20,208,explore,searching current room,"Room 12, danger level 0.5",726.7,80,28,8,5,0.5
2025-01-01T12:17:25,209,explore,searching current room,"Room 12, danger level 0.5",726.7,80,28,8,5,0.5
2025-01-01T12:17:30,210,dodge,avoiding minor threat,"Room 16, danger level 4.0",693.5,80,28,8,5,4.0
2025-01-01T12:17:35,211,pick_up_item,found item in room,"Room 16, danger level 4.0",693.5,80,28,8,5,4.0
2025-01-01T12:17:40,212,explore,searching current room,"Room 16, danger level 4.0",693.5,80,28,8,5,4.0
2025-01-01T12:17:45,213,explore,searching current room,"Room 16, danger level 4.0",693.5,80,28,8,5,4.0
2025-01-01T12:17:50,214,explore,searching current room,"Room 16, danger level 4.0",693.5,80,28,8,5,4.0
2025-01-01T12:17:55,215,explore,searching current room,"Room 16, danger level 4.0",693.5,80,28,8,5,4.0
2025-01-01T12:18:00,216,shoot_handgun,"mild threat, quick handgun shot","Room 16, danger level 4.0",670.2,79,28,8,5,4.0
2025-01-01T12:18:05,217,explore,searching current room,"Room 16, danger level 4.0",670.2,79,28,8,5,4.0
2025-01-01T12:18:10,218,explore,searching current room,"Room 16, danger level 4.0",670.2,79,28,8,5,4.0
2025-01-01T12:18:15,219,explore,searching current room,"Room 16, danger level 4.0",670.2,79,28,8,5,4.0
2025-01-01T12:18:20,220,explore,searching current room,"Room 16, danger level 4.0",670.2,79,28,8,5,4.0
2025-01-01T12:18:25,221,explore,searching current room,"Room 16, danger level 4.0",670.2,79,28,8,5,4.0
2025-01-01T12:18:30,222,explore,searching current room,"Room 16, danger level 4.0",670.2,79,28,8,5,4.0
2025-01-01T12:18:35,223,explore,searching current room,"Room 16, danger level 4.0",670.2,79,28,8,5,4.0
2025-01-01T12:18:40,224,shoot_handgun,"mild threat, quick handgun shot","Room 16, danger level 4.0",648.3,78,28,8,5,4.0
2025-01-01T12:18:45,225,explore,searching current room,"Room 30, danger level 5.7",648.3,78,28,8,5,5.7
2025-01-01T12:18:50,226,explore,searching current room,"Room 30, danger level 5.7",648.3,78,28,8,5,5.7
2025-01-01T12:18:55,227,explore,searching current room,"Room 30, danger level 5.7",648.3,78,28,8,5,5.7
2025-01-01T12:19:00,228,shoot_handgun,engaging enemy with handgun,"Room 30, danger level 5.7",618.1,75,28,8,5,5.7
2025-01-01T12:19:05,229,explore,searching current room,"Room 30, danger level 5.7",618.1,75,28,8,5,5.7
2025-01-01T12:19:10,230,shoot_handgun,engaging enemy with handgun,"Room 30, danger level 5.7",549.9,74,28,8,5,5.7
2025-01-01T12:19:15,231,shoot_handgun,engaging enemy with handgun,"Room 30, danger level 5.7",512.5,71,28,8,5,5.7
2025-01-01T12:19:20,232,explore,searching current room,"Room 30, danger level 5.7",512.5,71,28,8,5,5.7
2025-01-01T12:19:25,233,pick_up_item,found item in room,"Room 30, danger level 5.7",512.5,79,28,8,5,5.7
2025-01-01T12:19:30,234,shoot_handgun,engaging enemy with handgun,"Room 30, danger level 5.7",465.1,77,28,8,5,5.7
2025-01-01T12:19:35,235,explore,searching current room,"Room 30, danger level 5.7",465.1,77,28,8,5,5.7
2025-01-01T12:19:40,236,explore,searching current room,"Room 30, danger level 5.7",465.1,77,28,8,5,5.7
2025-01-01T12:19:45,237,shoot_handgun,engaging enemy with handgun,"Room 30, danger level 5.7",437.7,74,28,8,5,5.7
2025-01-01T12:19:50,238,shoot_handgun,engaging enemy with handgun,"Room 30, danger level 5.7",416.6,71,28,8,5,5.7
2025-01-01T12:19:55,239,pick_up_item,found item in room,"Room 30, danger level 5.7",416.6,71,28,8,6,5.7
2025-01-01T12:20:00,240,save_game,saving progress at typewriter,"Room 18, danger level 7.2",416.6,71,28,8,5,7.2
2025-01-01T12:20:05,241,shoot_shotgun,"high danger room, using shotgun","Room 18, danger level 7.2",401.4,71,27,8,5,7.2
2025-01-01T12:20:10,242,shoot_shotgun,"high danger room, using shotgun","Room 18, danger level 7.2",380.6,71,26,8,5,7.2
2025-01-01T12:20:15,243,shoot_shotgun,"high danger room, using shotgun","Room 18, danger level 7.2",369.2,71,25,8,5,7.2
2025-01-01T12:20:20,244,use_herb,healing during safe moment,"Room 18, danger level 7.2",764.0,71,25,7,5,7.2
2025-01-01T12:20:25,245,explore,searching current room,"Room 18, danger level 7.2",764.0,71,25,7,5,7.2
2025-01-01T12:20:30,246,shoot_shotgun,"high danger room, using shotgun","Room 18, danger level 7.2",715.4,71,24,7,5,7.2
2025-01-01T12:20:35,247,explore,searching current room,"Room 18, danger level 7.2",715.4,71,24,7,5,7.2
2025-01-01T12:20:40,248,explore,searching current room,"Room 18, danger level 7.2",715.4,71,24,7,5,7.2
2025-01-01T12:20:45,249,shoot_shotgun,"high danger room, using shotgun","Room 18, danger level 7.2",696.5,71,23,7,5,7.2
2025-01-01T12:20:50,250,shoot_shotgun,"high danger room, using shotgun","Room 18, danger level 7.2",644.7,71,22,7,5,7.2
2025-01-01T12:20:55,251,shoot_shotgun,"high danger room, using shotgun","Room 18, danger level 7.2",598.1,71,21,7,5,7.2
2025-01-01T12:21:00,252,shoot_shotgun,"high danger room, using shotgun","Room 18, danger level 7.2",584.0,71,20,7,5,7.2
2025-01-01T12:21:05,253,use_herb,healing during safe moment,"Room 18, danger level 7.2",813.9,71,20,6,5,7.2
2025-01-01T12:21:10,254,explore,searching current room,"Room 18, danger level 7.2",813.9,71,20,6,5,7.2
2025-01-01T12:21:15,255,shoot_handgun,"mild threat, quick handgun shot","Room 16, danger level 4.0",794.1,70,20,6,5,4.0
2025-01-01T12:21:20,256,pick_up_item,found item in room,"Room 16, danger level 4.0",794.1,70,20,7,5,4.0
2025-01-01T12:21:25,257,explore,searching current room,"Room 16, danger level 4.0",794.1,70,20,7,5,4.0
2025-01-01T12:21:30,258,explore,searching current room,"Room 16, danger level 4.0",794.1,70,20,7,5,4.0
2025-01-01T12:21:35,259,explore,searching current room,"Room 16, danger level 4.0",794.1,70,20,7,5,4.0
2025-01-01T12:21:40,260,explore,searching current room,"Room 16, danger level 4.0",794.1,70,20,7,5,4.0
2025-01-01T12:21:45,261,pick_up_item,found item in room,"Room 16, danger level 4.0",794.1,85,20,7,5,4.0
2025-01-01T12:21:50,262,shoot_handgun,"mild threat, quick handgun shot","Room 16, danger level 4.0",783.8,84,20,7,5,4.0
2025-01-01T12:21:55,263,shoot_handgun,"mild threat, quick handgun shot","Room 16, danger level 4.0",770.4,83,20,7,5,4.0
2025-01-01T12:22:00,264,pick_up_item,found item in room,"Room 16, danger level 4.0",770.4,92,20,7,5,4.0
2025-01-01T12:22:05,265,explore,searching current room,"Room 16, danger level 4.0",770.4,92,20,7,5,4.0
2025-01-01T12:22:10,266,explore,searching current room,"Room 16, danger level 4.0",770.4,92,20,7,5,4.0
2025-01-01T12:22:15,267,explore,searching current room,"Room 16, danger level 4.0",770.4,92,20,7,5,4.0
2025-01-01T12:22:20,268,explore,searching current room,"Room 16, danger level 4.0",770.4,92,20,7,5,4.0
2025-01-01T12:22:25,269,explore,searching current room,"Room 16, danger level 4.0",770.4,92,20,7,5,4.0
2025-01-01T12:22:30,270,pick_up_item,found item in room,"Room 10, danger level 9.1",770.4,101,20,7,5,9.1
2025-01-01T12:22:35,271,shoot_shotgun,"high danger room, using shotgun","Room 10, danger level 9.1",711.9,101,19,7,5,9.1
2025-01-01T12:22:40,272,explore,searching current room,"Room 10, danger level 9.1",711.9,101,19,7,5,9.1
2025-01-01T12:22:45,273,shoot_shotgun,"high danger room, using shotgun","Room 10, danger level 9.1",681.7,101,18,7,5,9.1
2025-01-01T12:22:50,274,shoot_shotgun,"high danger room, using shotgun","Room 10, danger level 9.1",653.2,101,17,7,5,9.1
2025-01-01T12:22:55,275,shoot_shotgun,"high danger room, using shotgun","Room 10, danger level 9.1",615.7,101,16,7,5,9.1
2025-01-01T12:23:00,276,shoot_shotgun,"high danger room, using shotgun","Room 10, danger level 9.1",553.6,101,15,7,5,9.1
2025-01-01T12:23:05,277,pick_up_item,found item in room,"Room 10, danger level 9.1",553.6,116,15,7,5,9.1
2025-01-01T12:23:10,278,explore,searching current room,"Room 10, danger level 9.1",553.6,116,15,7,5,9.1
2025-01-01T12:23:15,279,explore,searching current room,"Room 10, danger level 9.1",553.6,116,15,7,5,9.1
2025-01-01T12:23:20,280,shoot_shotgun,"high danger room, using shotgun","Room 10, danger level 9.1",498.8,116,14,7,5,9.1
2025-01-01T12:23:25,281,shoot_shotgun,"high danger room, using shotgun","Room 10, danger level 9.1",449.6,116,13,7,5,9.1
2025-01-01T12:23:30,282,use_herb,healing during safe moment,"Room 10, danger level 9.1",766.7,116,13,6,5,9.1
2025-01-01T12:23:35,283,explore,searching current room,"Room 10, danger level 9.1",766.7,116,13,6,5,9.1
2025-01-01T12:23:40,284,shoot_shotgun,"high danger room, using shotgun","Room 10, danger level 9.1",734.1,116,12,6,5,9.1
2025-01-01T12:23:45,285,shoot_handgun,"mild threat, quick handgun shot","Room 22, danger level 3.2",725.2,115,12,6,5,3.2
2025-01-01T12:23:50,286,explore,searching current room,"Room 22, danger level 3.2",725.2,115,12,6,5,3.2
2025-01-01T12:23:55,287,explore,searching current room,"Room 22, danger level 3.2",725.2,115,12,6,5,3.2
2025-01-01T12:24:00,288,shoot_handgun,"mild threat, quick handgun shot","Room 22, danger level 3.2",717.6,114,12,6,5,3.2
2025-01-01T12:24:05,289,dodge,avoiding minor threat,"Room 22, danger level 3.2",684.5,114,12,6,5,3.2
2025-01-01T12:24:10,290,pick_up_item,found item in room,"Room 22, danger level 3.2",684.5,114,12,6,5,3.2
2025-01-01T12:24:15,291,pick_up_item,found item in room,"Room 22, danger level 3.2",684.5,114,12,7,5,3.2
2025-01-01T12:24:20,292,explore,searching current room,"Room 22, danger level 3.2",684.5,114,12,7,5,3.2
2025-01-01T12:24:25,293,pick_up_item,found item in room,"Room 22, danger level 3.2",684.5,121,12,7,5,3.2
2025-01-01T12:24:30,294,explore,searching current room,"Room 22, danger level 3.2",684.5,121,12,7,5,3.2
2025-01-01T12:24:35,295,pick_up_item,found item in room,"Room 22, danger level 3.2",684.5,121,12,7,5,3.2
2025-01-01T12:24:40,296,pick_up_item,found item in room,"Room 22, danger level 3.2",684.5,134,12,7,5,3.2
2025-01-01T12:24:45,297,shoot_handgun,"mild threat, quick handgun shot","Room 22, danger level 3.2",671.1,133,12,7,5,3.2
2025-01-01T12:24:50,298,pick_up_item,found item in room,"Room 22, danger level 3.2",671.1,133,12,7,5,3.2
2025-01-01T12:24:55,299,pick_up_item,found item in room,"Room 22, danger level 3.2",671.1,133,12,7,5,3.2
2025-01-01T12:25:00,300,shoot_handgun,engaging enemy with handgun,"Room 19, danger level 5.1",615.9,131,12,7,5,5.1
2025-01-01T12:25:05,301,shoot_handgun,engaging enemy with handgun,"Room 19, danger level 5.1",575.1,129,12,7,5,5.1
2025-01-01T12:25:10,302,shoot_handgun,engaging enemy with handgun,"Room 19, danger level 5.1",531.9,126,12,7,5,5.1
2025-01-01T12:25:15,303,explore,searching current room,"Room 19, danger level 5.1",531.9,126,12,7,5,5.1
2025-01-01T12:25:20,304,explore,searching current room,"Room 19, danger level 5.1",531.9,126,12,7,5,5.1
2025-01-01T12:25:25,305,explore,searching current room,"Room 19, danger level 5.1",531.9,126,12,7,5,5.1
2025-01-01T12:25:30,306,shoot_handgun,engaging enemy with handgun,"Room 19, danger level 5.1",489.3,123,12,7,5,5.1
2025-01-01T12:25:35,307,use_herb,healing during safe moment,"Room 19, danger level 5.1",797.1,123,12,6,5,5.1
2025-01-01T12:25:40,308,explore,searching current room,"Room 19, danger level 5.1",797.1,123,12,6,5,5.1
2025-01-01T12:25:45,309,explore,searching current room,"Room 19, danger level 5.1",797.1,123,12,6,5,5.1
2025-01-01T12:25:50,310,shoot_handgun,engaging enemy with handgun,"Room 19, danger level 5.1",774.7,120,12,6,5,5.1
2025-01-01T12:25:55,311,shoot_handgun,engaging enemy with handgun,"Room 19, danger level 5.1",742.5,118,12,6,5,5.1
2025-01-01T12:26:00,312,shoot_handgun,engaging enemy with handgun,"Room 19, danger level 5.1",691.9,115,12,6,5,5.1
2025-01-01T12:26:05,313,explore,searching current room,"Room 19, danger level 5.1",691.9,115,12,6,5,5.1
2025-01-01T12:26:10,314,explore,searching current room,"Room 19, danger level 5.1",691.9,115,12,6,5,5.1
2025-01-01T12:26:15,315,shoot_shotgun,"high danger room, using shotgun","Room 10, danger level 9.1",676.3,115,11,6,5,9.1
2025-01-01T12:26:20,316,shoot_shotgun,"high danger room, using shotgun","Room 10, danger level 9.1",630.5,115,10,6,5,9.1
2025-01-01T12:26:25,317,explore,searching current room,"Room 10, danger level 9.1",630.5,115,10,6,5,9.1
2025-01-01T12:26:30,318,shoot_shotgun,"high danger room, using shotgun","Room 10, danger level 9.1",588.2,115,9,6,5,9.1
2025-01-01T12:26:35,319,shoot_shotgun,"high danger room, using shotgun","Room 10, danger level 9.1",535.2,115,8,6,5,9.1
2025-01-01T12:26:40,320,shoot_shotgun,"high danger room, using shotgun","Room 10, danger level 9.1",485.9,115,7,6,5,9.1
2025-01-01T12:26:45,321,shoot_shotgun,"high danger room, using shotgun","Room 10, danger level 9.1",446.6,115,6,6,5,9.1
2025-01-01T12:26:50,322,explore,searching current room,"Room 10, danger level 9.1",446.6,115,6,6,5,9.1
2025-01-01T12:26:55,323,explore,searching current room,"Room 10, danger level 9.1",446.6,115,6,6,5,9.1
2025-01-01T12:27:00,324,explore,searching current room,"Room 10, danger level 9.1",446.6,115,6,6,5,9.1
2025-01-01T12:27:05,325,explore,searching current room,"Room 10, danger level 9.1",446.6,115,6,6,5,9.1
2025-01-01T12:27:10,326,shoot_shotgun,"high danger room, using shotgun","Room 10, danger level 9.1",429.3,115,5,6,5,9.1
2025-01-01T12:27:15,327,explore,searching current room,"Room 10, danger level 9.1",429.3,115,5,6,5,9.1
2025-01-01T12:27:20,328,pick_up_item,found item in room,"Room 10, danger level 9.1",429.3,115,5,7,5,9.1
2025-01-01T12:27:25,329,explore,searching current room,"Room 10, danger level 9.1",429.3,115,5,7,5,9.1
2025-01-01T12:27:30,330,use_herb,healing during safe moment,"Room 2, danger level 0.5",704.3,115,5,6,5,0.5
2025-01-01T12:27:35,331,explore,searching current room,"Room 2, danger level 0.5",704.3,115,5,6,5,0.5
2025-01-01T12:27:40,332,explore,searching current room,"Room 2, danger level 0.5",704.3,115,5,6,5,0.5
2025-01-01T12:27:45,333,pick_up_item,found item in room,"Room 2, danger level 0.5",704.3,115,5,6,5,0.5
2025-01-01T12:27:50,334,pick_up_item,found item in room,"Room 2, danger level 0.5",704.3,115,5,6,5,0.5
2025-01-01T12:27:55,335,explore,searching current room,"Room 2, danger level 0.5",704.3,115,5,6,5,0.5
2025-01-01T12:28:00,336,explore,searching current room,"Room 2, danger level 0.5",704.3,115,5,6,5,0.5
2025-01-01T12:28:05,337,dodge,avoiding minor threat,"Room 2, danger level 0.5",670.1,115,5,6,5,0.5
2025-01-01T12:28:10,338,pick_up_item,found item in room,"Room 2, danger level 0.5",670.1,115,9,6,5,0.5
2025-01-01T12:28:15,339,explore,searching current room,"Room 2, danger level 0.5",670.1,115,9,6,5,0.5
2025-01-01T12:28:20,340,explore,searching current room,"Room 2, danger level 0.5",670.1,115,9,6,5,0.5
2025-01-01T12:28:25,341,explore,searching current room,"Room 2, danger level 0.5",670.1,115,9,6,5,0.5
2025-01-01T12:28:30,342,explore,searching current room,"Room 2, danger level 0.5",670.1,115,9,6,5,0.5
2025-01-01T12:28:35,343,explore,searching current room,"Room 2, danger level 0.5",670.1,115,9,6,5,0.5
2025-01-01T12:28:40,344,explore,searching current room,"Room 2, danger level 0.5",670.1,115,9,6,5,0.5
2025-01-01T12:28:45,345,shoot_handgun,engaging enemy with handgun,"Room 19, danger level 5.1",615.2,113,9,6,5,5.1
2025-01-01T12:28:50,346,shoot_handgun,engaging enemy with handgun,"Room 19, danger level 5.1",573.6,110,9,6,5,5.1
2025-01-01T12:28:55,347,explore,searching current room,"Room 19, danger level 5.1",573.6,110,9,6,5,5.1
2025-01-01T12:29:00,348,explore,searching current room,"Room 19, danger level 5.1",573.6,110,9,6,5,5.1
2025-01-01T12:29:05,349,use_herb,healing during safe moment,"Room 19, danger level 5.1",934.0,110,9,5,5,5.1
2025-01-01T12:29:10,350,shoot_handgun,engaging enemy with handgun,"Room 19, danger level 5.1",911.6,108,9,5,5,5.1
2025-01-01T12:29:15,351,explore,searching current room,"Room 19, danger level 5.1",911.6,108,9,5,5,5.1
2025-01-01T12:29:20,352,explore,searching current room,"Room 19, danger level 5.1",911.6,108,9,5,5,5.1
2025-01-01T12:29:25,353,explore,searching current room,"Room 19, danger level 5.1",911.6,108,9,5,5,5.1
2025-01-01T12:29:30,354,explore,searching current room,"Room 19, danger level 5.1",911.6,108,9,5,5,5.1
2025-01-01T12:29:35,355,explore,searching current room,"Room 19, danger level 5.1",911.6,108,9,5,5,5.1
2025-01-01T12:29:40,356,pick_up_item,found item in room,"Room 19, danger level 5.1",911.6,119,9,5,5,5.1
2025-01-01T12:29:45,357,shoot_handgun,engaging enemy with handgun,"Room 19, danger level 5.1",892.2,116,9,5,5,5.1
2025-01-01T12:29:50,358,explore,searching current room,"Room 19, danger level 5.1",892.2,116,9,5,5,5.1
2025-01-01T12:29:55,359,explore,searching current room,"Room 19, danger level 5.1",892.2,116,9,5,5,5.1
2025-01-01T12:30:00,360,explore,searching current room,"Room 11, danger level 2.6",892.2,116,9,5,5,2.6
2025-01-01T12:30:05,361,explore,searching current room,"Room 11, danger level 2.6",892.2,116,9,5,5,2.6
2025-01-01T12:30:10,362,pick_up_item,found item in room,"Room 11, danger level 2.6",892.2,116,9,5,5,2.6
2025-01-01T12:30:15,363,dodge,avoiding minor threat,"Room 11, danger level 2.6",853.2,116,9,5,5,2.6
2025-01-01T12:30:20,364,explore,searching current room,"Room 11, danger level 2.6",853.2,116,9,5,5,2.6
2025-01-01T12:30:25,365,explore,searching current room,"Room 11, danger level 2.6",853.2,116,9,5,5,2.6
2025-01-01T12:30:30,366,explore,searching current room,"Room 11, danger level 2.6",853.2,116,9,5,5,2.6
2025-01-01T12:30:35,367,shoot_handgun,"mild threat, quick handgun shot","Room 11, danger level 2.6",837.5,115,9,5,5,2.6
2025-01-01T12:30:40,368,explore,searching current room,"Room 11, danger level 2.6",837.5,115,9,5,5,2.6
2025-01-01T12:30:45,369,explore,searching current room,"Room 11, danger level 2.6",837.5,115,9,5,5,2.6
2025-01-01T12:30:50,370,pick_up_item,found item in room,"Room 11, danger level 2.6",837.5,120,9,5,5,2.6
2025-01-01T12:30:55,371,explore,searching current room,"Room 11, danger level 2.6",837.5,120,9,5,5,2.6
2025-01-01T12:31:00,372,explore,searching current room,"Room 11, danger level 2.6",837.5,120,9,5,5,2.6
2025-01-01T12:31:05,373,explore,searching current room,"Room 11, danger level 2.6",837.5,120,9,5,5,2.6
2025-01-01T12:31:10,374,explore,searching current room,"Room 11, danger level 2.6",837.5,120,9,5,5,2.6
2025-01-01T12:31:15,375,dodge,avoiding minor threat,"Room 27, danger level 1.2",826.4,120,9,5,5,1.2
2025-01-01T12:31:20,376,pick_up_item,found item in room,"Room 27, danger level 1.2",826.4,120,9,6,5,1.2
2025-01-01T12:31:25,377,explore,searching current room,"Room 27, danger level 1.2",826.4,120,9,6,5,1.2
2025-01-01T12:31:30,378,explore,searching current room,"Room 27, danger level 1.2",826.4,120,9,6,5,1.2
2025-01-01T12:31:35,379,explore,searching current room,"Room 27, danger level 1.2",826.4,120,9,6,5,1.2
2025-01-01T12:31:40,380,explore,searching current room,"Room 27, danger level 1.2",826.4,120,9,6,5,1.2
2025-01-01T12:31:45,381,explore,searching current room,"Room 27, danger level 1.2",826.4,120,9,6,5,1.2
2025-01-01T12:31:50,382,explore,searching current room,"Room 27, danger level 1.2",826.4,120,9,6,5,1.2
2025-01-01T12:31:55,383,explore,searching current room,"Room 27, danger level 1.2",826.4,120,9,6,5,1.2
2025-01-01T12:32:00,384,explore,searching current room,"Room 27, danger level 1.2",826.4,120,9,6,5,1.2
2025-01-01T12:32:05,385,explore,searching current room,"Room 27, danger level 1.2",826.4,120,9,6,5,1.2
2025-01-01T12:32:10,386,explore,searching current room,"Room 27, danger level 1.2",826.4,120,9,6,5,1.2
2025-01-01T12:32:15,387,explore,searching current room,"Room 27, danger level 1.2",826.4,120,9,6,5,1.2
2025-01-01T12:32:20,388,dodge,avoiding minor threat,"Room 27, danger level 1.2",808.1,120,9,6,5,1.2
2025-01-01T12:32:25,389,explore,searching current room,"Room 27, danger level 1.2",808.1,120,9,6,5,1.2
2025-01-01T12:32:30,390,explore,searching current room,"Room 6, danger level 6.6",808.1,120,9,6,5,6.6
2025-01-01T12:32:35,391,shoot_handgun,engaging enemy with handgun,"Room 6, danger level 6.6",739.4,119,9,6,5,6.6
2025-01-01T12:32:40,392,explore,searching current room,"Room 6, danger level 6.6",739.4,119,9,6,5,6.6
2025-01-01T12:32:45,393,shoot_handgun,engaging enemy with handgun,"Room 6, danger level 6.6",667.8,116,9,6,5,6.6
2025-01-01T12:32:50,394,shoot_handgun,engaging enemy with handgun,"Room 6, danger level 6.6",637.0,115,9,6,5,6.6
2025-01-01T12:32:55,395,shoot_handgun,engaging enemy with handgun,"Room 6, danger level 6.6",610.6,112,9,6,5,6.6
2025-01-01T12:33:00,396,shoot_handgun,engaging enemy with handgun,"Room 6, danger level 6.6",537.2,111,9,6,5,6.6
2025-01-01T12:33:05,397,explore,searching current room,"Room 6, danger level 6.6",537.2,111,9,6,5,6.6
2025-01-01T12:33:10,398,shoot_handgun,engaging enemy with handgun,"Room 6, danger level 6.6",463.2,110,9,6,5,6.6
2025-01-01T12:33:15,399,shoot_handgun,engaging enemy with handgun,"Room 6, danger level 6.6",394.2,109,9,6,5,6.6
2025-01-01T12:33:20,400,use_herb,healing during safe moment,"Room 6, danger level 6.6",647.3,109,9,5,5,6.6
2025-01-01T12:33:25,401,shoot_handgun,engaging enemy with handgun,"Room 6, danger level 6.6",602.8,108,9,5,5,6.6
2025-01-01T12:33:30,402,explore,searching current room,"Room 6, danger level 6.6",602.8,108,9,5,5,6.6
2025-01-01T12:33:35,403,explore,searching current room,"Room 6, danger level 6.6",602.8,108,9,5,5,6.6
2025-01-01T12:33:40,404,shoot_handgun,engaging enemy with handgun,"Room 6, danger level 6.6",552.9,105,9,5,5,6.6
2025-01-01T12:33:45,405,explore,searching current room,"Room 3, danger level 7.3",552.9,105,9,5,5,7.3
2025-01-01T12:33:50,406,use_herb,healing during safe moment,"Room 3, danger level 7.3",952.6,105,9,4,5,7.3
2025-01-01T12:33:55,407,explore,searching current room,"Room 3, danger level 7.3",952.6,105,9,4,5,7.3
2025-01-01T12:34:00,408,shoot_shotgun,"high danger room, using shotgun","Room 3, danger level 7.3",910.6,105,8,4,5,7.3
2025-01-01T12:34:05,409,shoot_shotgun,"high danger room, using shotgun","Room 3, danger level 7.3",860.4,105,7,4,5,7.3
2025-01-01T12:34:10,410,shoot_shotgun,"high danger room, using shotgun","Room 3, danger level 7.3",843.1,105,6,4,5,7.3
2025-01-01T12:34:15,411,shoot_shotgun,"high danger room, using shotgun","Room 3, danger level 7.3",804.9,105,5,4,5,7.3
2025-01-01T12:34:20,412,explore,searching current room,"Room 3, danger level 7.3",804.9,105,5,4,5,7.3
2025-01-01T12:34:25,413,shoot_shotgun,"high danger room, using shotgun","Room 3, danger level 7.3",767.9,105,4,4,5,7.3
2025-01-01T12:34:30,414,shoot_shotgun,"high danger room, using shotgun","Room 3, danger level 7.3",735.0,105,3,4,5,7.3
2025-01-01T12:34:35,415,shoot_shotgun,"high danger room, using shotgun","Room 3, danger level 7.3",689.5,105,2,4,5,7.3
2025-01-01T12:34:40,416,shoot_shotgun,"high danger room, using shotgun","Room 3, danger level 7.3",650.0,105,1,4,5,7.3
2025-01-01T12:34:45,417,explore,searching current room,"Room 3, danger level 7.3",650.0,105,1,4,5,7.3
2025-01-01T12:34:50,418,explore,searching current room,"Room 3, danger level 7.3",650.0,105,1,4,5,7.3
2025-01-01T12:34:55,419,explore,searching current room,"Room 3, danger level 7.3",650.0,105,1,4,5,7.3
2025-01-01T12:35:00,420,explore,searching current room,"Room 30, danger level 5.7",650.0,105,1,4,5,5.7
2025-01-01T12:35:05,421,shoot_handgun,engaging enemy with handgun,"Room 30, danger level 5.7",617.9,103,1,4,5,5.7
2025-01-01T12:35:10,422,shoot_handgun,engaging enemy with handgun,"Room 30, danger level 5.7",595.0,101,1,4,5,5.7
2025-01-01T12:35:15,423,shoot_handgun,engaging enemy with handgun,"Room 30, danger level 5.7",533.3,100,1,4,5,5.7
2025-01-01T12:35:20,424,explore,searching current room,"Room 30, danger level 5.7",533.3,100,1,4,5,5.7
2025-01-01T12:35:25,425,shoot_handgun,engaging enemy with handgun,"Room 30, danger level 5.7",515.7,97,1,4,5,5.7
2025-01-01T12:35:30,426,explore,searching current room,"Room 30, danger level 5.7",515.7,97,1,4,5,5.7
2025-01-01T12:35:35,427,explore,searching current room,"Room 30, danger level 5.7",515.7,97,1,4,5,5.7
2025-01-01T12:35:40,428,use_herb,healing during safe moment,"Room 30, danger level 5.7",773.2,97,1,3,5,5.7
2025-01-01T12:35:45,429,shoot_handgun,engaging enemy with handgun,"Room 30, danger level 5.7",753.0,94,1,3,5,5.7
2025-01-01T12:35:50,430,shoot_handgun,engaging enemy with handgun,"Room 30, danger level 5.7",701.4,93,1,3,5,5.7
2025-01-01T12:35:55,431,explore,searching current room,"Room 30, danger level 5.7",701.4,93,1,3,5,5.7
2025-01-01T12:36:00,432,pick_up_item,found item in room,"Room 30, danger level 5.7",701.4,101,1,3,5,5.7
2025-01-01T12:36:05,433,explore,searching current room,"Room 30, danger level 5.7",701.4,101,1,3,5,5.7
2025-01-01T12:36:10,434,explore,searching current room,"Room 30, danger level 5.7",701.4,101,1,3,5,5.7
2025-01-01T12:36:15,435,explore,searching current room,"Room 40, danger level 8.9",701.4,101,1,3,5,8.9
2025-01-01T12:36:20,436,explore,searching current room,"Room 40, danger level 8.9",701.4,101,1,3,5,8.9
2025-01-01T12:36:25,437,pick_up_item,found item in room,"Room 40, danger level 8.9",701.4,110,1,3,5,8.9
2025-01-01T12:36:30,438,explore,searching current room,"Room 40, danger level 8.9",701.4,110,1,3,5,8.9
2025-01-01T12:36:35,439,shoot_shotgun,"high danger room, using shotgun","Room 40, danger level 8.9",680.5,110,0,3,5,8.9
2025-01-01T12:36:40,440,pick_up_item,found item in room,"Room 40, danger level 8.9",680.5,110,0,3,6,8.9
2025-01-01T12:36:45,441,pick_up_item,found item in room,"Room 40, danger level 8.9",680.5,110,0,4,6,8.9
2025-01-01T12:36:50,442,shoot_handgun,engaging enemy with handgun,"Room 40, danger level 8.9",618.2,109,0,4,6,8.9
2025-01-01T12:36:55,443,shoot_handgun,engaging enemy with handgun,"Room 40, danger level 8.9",532.2,106,0,4,6,8.9
2025-01-01T12:37:00,444,pick_up_item,found item in room,"Room 40, danger level 8.9",532.2,106,0,4,7,8.9
2025-01-01T12:37:05,445,shoot_handgun,engaging enemy with handgun,"Room 40, danger level 8.9",502.8,104,0,4,7,8.9
2025-01-01T12:37:10,446,explore,searching current room,"Room 40, danger level 8.9",502.8,104,0,4,7,8.9
2025-01-01T12:37:15,447,shoot_handgun,engaging enemy with handgun,"Room 40, danger level 8.9",413.8,103,0,4,7,8.9
2025-01-01T12:37:20,448,shoot_handgun,engaging enemy with handgun,"Room 40, danger level 8.9",381.9,100,0,4,7,8.9
2025-01-01T12:37:25,449,explore,searching current room,"Room 40, danger level 8.9",381.9,100,0,4,7,8.9
2025-01-01T12:37:30,450,shoot_handgun,engaging enemy with handgun,"Room 3, danger level 7.3",292.1,99,0,4,7,7.3
2025-01-01T12:37:35,451,use_herb,"HP critical, healing before combat","Room 3, danger level 7.3",534.3,99,0,3,7,7.3
2025-01-01T12:37:40,452,shoot_handgun,engaging enemy with handgun,"Room 3, danger level 7.3",497.6,97,0,3,7,7.3
2025-01-01T12:37:45,453,shoot_handgun,engaging enemy with handgun,"Room 3, danger level 7.3",443.2,95,0,3,7,7.3
2025-01-01T12:37:50,454,shoot_handgun,engaging enemy with handgun,"Room 3, danger level 7.3",397.4,92,0,3,7,7.3
2025-01-01T12:37:55,455,shoot_handgun,engaging enemy with handgun,"Room 3, danger level 7.3",338.6,89,0,3,7,7.3
2025-01-01T12:38:00,456,use_herb,healing during safe moment,"Room 3, danger level 7.3",710.9,89,0,2,7,7.3
2025-01-01T12:38:05,457,shoot_handgun,engaging enemy with handgun,"Room 3, danger level 7.3",691.4,88,0,2,7,7.3
2025-01-01T12:38:10,458,explore,searching current room,"Room 3, danger level 7.3",691.4,88,0,2,7,7.3
2025-01-01T12:38:15,459,explore,searching current room,"Room 3, danger level 7.3",691.4,88,0,2,7,7.3
2025-01-01T12:38:20,460,shoot_handgun,engaging enemy with handgun,"Room 3, danger level 7.3",664.8,87,0,2,7,7.3
2025-01-01T12:38:25,461,pick_up_item,found item in room,"Room 3, danger level 7.3",664.8,87,0,2,7,7.3
2025-01-01T12:38:30,462,shoot_handgun,engaging enemy with handgun,"Room 3, danger level 7.3",596.5,85,0,2,7,7.3
2025-01-01T12:38:35,463,shoot_handgun,engaging enemy with handgun,"Room 3, danger level 7.3",516.9,84,0,2,7,7.3
2025-01-01T12:38:40,464,shoot_handgun,engaging enemy with handgun,"Room 3, danger level 7.3",469.6,83,0,2,7,7.3
2025-01-01T12:38:45,465,use_herb,healing during safe moment,"Room 26, danger level 8.7",825.4,83,0,1,7,8.7
2025-01-01T12:38:50,466,shoot_handgun,engaging enemy with handgun,"Room 26, danger level 8.7",748.5,80,0,1,7,8.7
2025-01-01T12:38:55,467,shoot_handgun,engaging enemy with handgun,"Room 26, danger level 8.7",647.9,78,0,1,7,8.7
2025-01-01T12:39:00,468,shoot_handgun,engaging enemy with handgun,"Room 26, danger level 8.7",542.7,75,0,1,7,8.7
2025-01-01T12:39:05,469,use_herb,healing during safe moment,"Room 26, danger level 8.7",772.0,75,0,0,7,8.7
2025-01-01T12:39:10,470,shoot_handgun,engaging enemy with handgun,"Room 26, danger level 8.7",697.8,72,0,0,7,8.7
2025-01-01T12:39:15,471,shoot_handgun,engaging enemy with handgun,"Room 26, danger level 8.7",593.2,69,0,0,7,8.7
2025-01-01T12:39:20,472,shoot_handgun,engaging enemy with handgun,"Room 26, danger level 8.7",505.8,66,0,0,7,8.7
2025-01-01T12:39:25,473,shoot_handgun,engaging enemy with handgun,"Room 26, danger level 8.7",403.6,63,0,0,7,8.7
2025-01-01T12:39:30,474,explore,searching current room,"Room 26, danger level 8.7",403.6,63,0,0,7,8.7
2025-01-01T12:39:35,475,shoot_handgun,engaging enemy with handgun,"Room 26, danger level 8.7",297.3,61,0,0,7,8.7
2025-01-01T12:39:40,476,shoot_handgun,engaging enemy with handgun,"Room 26, danger level 8.7",269.6,59,0,0,7,8.7
2025-01-01T12:39:45,477,explore,searching current room,"Room 26, danger level 8.7",269.6,59,0,0,7,8.7
2025-01-01T12:39:50,478,explore,searching current room,"Room 26, danger level 8.7",269.6,59,0,0,7,8.7
2025-01-01T12:39:55,479,shoot_handgun,engaging enemy with handgun,"Room 26, danger level 8.7",207.6,58,0,0,7,8.7
2025-01-01T12:40:00,480,save_game,saving progress at typewriter,"Room 4, danger level 3.7",207.6,58,0,0,6,3.7
2025-01-01T12:40:05,481,explore,searching current room,"Room 4, danger level 3.7",207.6,58,0,0,6,3.7
2025-01-01T12:40:10,482,shoot_handgun,"mild threat, quick handgun shot","Room 4, danger level 3.7",190.9,57,0,0,6,3.7
2025-01-01T12:40:15,483,explore,searching current room,"Room 4, danger level 3.7",190.9,57,0,0,6,3.7
2025-01-01T12:40:20,484,pick_up_item,found item in room,"Room 4, danger level 3.7",190.9,57,0,0,6,3.7
2025-01-01T12:40:25,485,pick_up_item,found item in room,"Room 4, danger level 3.7",190.9,57,0,1,6,3.7
2025-01-01T12:40:30,486,explore,searching current room,"Room 4, danger level 3.7",190.9,57,0,1,6,3.7
2025-01-01T12:40:35,487,explore,searching current room,"Room 4, danger level 3.7",190.9,57,0,1,6,3.7
2025-01-01T12:40:40,488,shoot_handgun,"mild threat, quick handgun shot","Room 4, danger level 3.7",173.3,56,0,1,6,3.7
2025-01-01T12:40:45,489,explore,searching current room,"Room 4, danger level 3.7",173.3,56,0,1,6,3.7
2025-01-01T12:40:50,490,explore,searching current room,"Room 4, danger level 3.7",173.3,56,0,1,6,3.7
2025-01-01T12:40:55,491,explore,searching current room,"Room 4, danger level 3.7",173.3,56,0,1,6,3.7
2025-01-01T12:41:00,492,shoot_handgun,"mild threat, quick handgun shot","Room 4, danger level 3.7",155.9,55,0,1,6,3.7
2025-01-01T12:41:05,493,explore,searching current room,"Room 4, danger level 3.7",155.9,55,0,1,6,3.7
2025-01-01T12:41:10,494,explore,searching current room,"Room 4, danger level 3.7",155.9,55,0,1,6,3.7
2025-01-01T12:41:15,495,use_herb,"HP critical, healing before combat","Room 39, danger level 8.7",384.2,55,0,0,6,8.7
2025-01-01T12:41:20,496,shoot_handgun,engaging enemy with handgun,"Room 39, danger level 8.7",277.9,52,0,0,6,8.7
2025-01-01T12:41:25,497,pick_up_item,found item in room,"Room 39, danger level 8.7",277.9,52,0,0,7,8.7
2025-01-01T12:41:30,498,shoot_handgun,engaging enemy with handgun,"Room 39, danger level 8.7",207.2,49,0,0,7,8.7
2025-01-01T12:41:35,499,explore,searching current room,"Room 39, danger level 8.7",207.2,49,0,0,7,8.7
2025-01-01T12:41:40,500,explore,searching current room,"Room 39, danger level 8.7",207.2,49,0,0,7,8.7
2025-01-01T12:41:45,501,explore,searching current room,"Room 39, danger level 8.7",207.2,49,0,0,7,8.7
2025-01-01T12:41:50,502,shoot_handgun,engaging enemy with handgun,"Room 39, danger level 8.7",129.0,47,0,0,7,8.7
2025-01-01T12:41:55,503,shoot_handgun,engaging enemy with handgun,"Room 39, danger level 8.7",105.6,45,0,0,7,8.7
2025-01-01T12:42:00,504,shoot_handgun,engaging enemy with handgun,"Room 39, danger level 8.7",65.0,43,0,0,7,8.7
2025-01-01T12:42:05,505,shoot_handgun,engaging enemy with handgun,"Room 39, danger level 8.7",1.0,42,0,0,7,8.7
2025-01-01T12:42:10,506,shoot_handgun,engaging enemy with handgun,"Room 39, danger level 8.7",1.0,41,0,0,7,8.7
2025-01-01T12:42:15,507,shoot_handgun,engaging enemy with handgun,"Room 39, danger level 8.7",1.0,38,0,0,7,8.7
2025-01-01T12:42:20,508,pick_up_item,found item in room,"Room 39, danger level 8.7",1.0,38,3,0,7,8.7
2025-01-01T12:42:25,509,pick_up_item,found item in room,"Room 39, danger level 8.7",1.0,52,3,0,7,8.7
2025-01-01T12:42:30,510,pick_up_item,found item in room,"Room 11, danger level 2.6",1.0,52,6,0,7,2.6
2025-01-01T12:42:35,511,explore,searching current room,"Room 11, danger level 2.6",1.0,52,6,0,7,2.6
2025-01-01T12:42:40,512,explore,searching current room,"Room 11, danger level 2.6",1.0,52,6,0,7,2.6
2025-01-01T12:42:45,513,pick_up_item,found item in room,"Room 11, danger level 2.6",1.0,52,6,0,7,2.6
2025-01-01T12:42:50,514,explore,searching current room,"Room 11, danger level 2.6",1.0,52,6,0,7,2.6
2025-01-01T12:42:55,515,explore,searching current room,"Room 11, danger level 2.6",1.0,52,6,0,7,2.6
2025-01-01T12:43:00,516,explore,searching current room,"Room 11, danger level 2.6",1.0,52,6,0,7,2.6
2025-01-01T12:43:05,517,explore,searching current room,"Room 11, danger level 2.6",1.0,52,6,0,7,2.6
2025-01-01T12:43:10,518,explore,searching current room,"Room 11, danger level 2.6",1.0,52,6,0,7,2.6
2025-01-01T12:43:15,519,shoot_handgun,"mild threat, quick handgun shot","Room 11, danger level 2.6",1.0,51,6,0,7,2.6
2025-01-01T12:43:20,520,pick_up_item,found item in room,"Room 11, danger level 2.6",1.0,51,10,0,7,2.6
2025-01-01T12:43:25,521,pick_up_item,found item in room,"Room 11, danger level 2.6",1.0,51,10,0,8,2.6
2025-01-01T12:43:30,522,explore,searching current room,"Room 11, danger level 2.6",1.0,51,10,0,8,2.6
2025-01-01T12:43:35,523,explore,searching current room,"Room 11, danger level 2.6",1.0,51,10,0,8,2.6
2025-01-01T12:43:40,524,pick_up_item,found item in room,"Room 11, danger level 2.6",1.0,51,13,0,8,2.6
2025-01-01T12:43:45,525,explore,searching current room,"Room 29, danger level 9.0",1.0,51,13,0,8,9.0
2025-01-01T12:43:50,526,shoot_shotgun,"high danger room, using shotgun","Room 29, danger level 9.0",1.0,51,12,0,8,9.0
2025-01-01T12:43:55,527,shoot_shotgun,"high danger room, using shotgun","Room 29, danger level 9.0",1.0,51,11,0,8,9.0
2025-01-01T12:44:00,528,shoot_shotgun,"high danger room, using shotgun","Room 29, danger level 9.0",1.0,51,10,0,8,9.0
2025-01-01T12:44:05,529,shoot_shotgun,"high danger room, using shotgun","Room 29, danger level 9.0",1.0,51,9,0,8,9.0
2025-01-01T12:44:10,530,explore,searching current room,"Room 29, danger level 9.0",1.0,51,9,0,8,9.0
2025-01-01T12:44:15,531,shoot_shotgun,"high danger room, using shotgun","Room 29, danger level 9.0",1.0,51,8,0,8,9.0
2025-01-01T12:44:20,532,explore,searching current room,"Room 29, danger level 9.0",1.0,51,8,0,8,9.0
2025-01-01T12:44:25,533,explore,searching current room,"Room 29, danger level 9.0",1.0,51,8,0,8,9.0
2025-01-01T12:44:30,534,shoot_shotgun,"high danger room, using shotgun","Room 29, danger level 9.0",1.0,51,7,0,8,9.0
2025-01-01T12:44:35,535,pick_up_item,found item in room,"Room 29, danger level 9.0",1.0,58,7,0,8,9.0
2025-01-01T12:44:40,536,shoot_shotgun,"high danger room, using shotgun","Room 29, danger level 9.0",1.0,58,6,0,8,9.0
2025-01-01T12:44:45,537,shoot_shotgun,"high danger room, using shotgun","Room 29, danger level 9.0",1.0,58,5,0,8,9.0
2025-01-01T12:44:50,538,shoot_shotgun,"high danger room, using shotgun","Room 29, danger level 9.0",1.0,58,4,0,8,9.0
2025-01-01T12:44:55,539,shoot_shotgun,"high danger room, using shotgun","Room 29, danger level 9.0",1.0,58,3,0,8,9.0
2025-01-01T12:45:00,540,shoot_shotgun,"high danger room, using shotgun","Room 40, danger level 8.9",1.0,58,2,0,8,8.9
2025-01-01T12:45:05,541,explore,searching current room,"Room 40, danger level 8.9",1.0,58,2,0,8,8.9
2025-01-01T12:45:10,542,shoot_shotgun,"high danger room, using shotgun","Room 40, danger level 8.9",1.0,58,1,0,8,8.9
2025-01-01T12:45:15,543,shoot_shotgun,"high danger room, using shotgun","Room 40, danger level 8.9",1.0,58,0,0,8,8.9
2025-01-01T12:45:20,544,shoot_handgun,engaging enemy with handgun,"Room 40, danger level 8.9",1.0,57,0,0,8,8.9
2025-01-01T12:45:25,545,shoot_handgun,engaging enemy with handgun,"Room 40, danger level 8.9",1.0,54,0,0,8,8.9
2025-01-01T12:45:30,546,shoot_handgun,engaging enemy with handgun,"Room 40, danger level 8.9",1.0,53,0,0,8,8.9
2025-01-01T12:45:35,547,explore,searching current room,"Room 40, danger level 8.9",1.0,53,0,0,8,8.9
2025-01-01T12:45:40,548,explore,searching current room,"Room 40, danger level 8.9",1.0,53,0,0,8,8.9
2025-01-01T12:45:45,549,shoot_handgun,engaging enemy with handgun,"Room 40, danger level 8.9",1.0,52,0,0,8,8.9
2025-01-01T12:45:50,550,explore,searching current room,"Room 40, danger level 8.9",1.0,52,0,0,8,8.9
2025-01-01T12:45:55,551,shoot_handgun,engaging enemy with handgun,"Room 40, danger level 8.9",1.0,51,0,0,8,8.9
2025-01-01T12:46:00,552,shoot_handgun,engaging enemy with handgun,"Room 40, danger level 8.9",1.0,48,0,0,8,8.9
2025-01-01T12:46:05,553,shoot_handgun,engaging enemy with handgun,"Room 40, danger level 8.9",1.0,46,0,0,8,8.9
2025-01-01T12:46:10,554,shoot_handgun,engaging enemy with handgun,"Room 40, danger level 8.9",1.0,44,0,0,8,8.9
2025-01-01T12:46:15,555,explore,searching current room,"Room 12, danger level 0.5",1.0,44,0,0,8,0.5
2025-01-01T12:46:20,556,explore,searching current room,"Room 12, danger level 0.5",1.0,44,0,0,8,0.5
2025-01-01T12:46:25,557,pick_up_item,found item in room,"Room 12, danger level 0.5",1.0,44,0,0,9,0.5
2025-01-01T12:46:30,558,pick_up_item,found item in room,"Room 12, danger level 0.5",1.0,52,0,0,9,0.5
2025-01-01T12:46:35,559,explore,searching current room,"Room 12, danger level 0.5",1.0,52,0,0,9,0.5
2025-01-01T12:46:40,560,save_game,saving progress at typewriter,"Room 12, danger level 0.5",1.0,52,0,0,8,0.5
2025-01-01T12:46:45,561,explore,searching current room,"Room 12, danger level 0.5",1.0,52,0,0,8,0.5
2025-01-01T12:46:50,562,pick_up_item,found item in room,"Room 12, danger level 0.5",1.0,52,0,1,8,0.5
2025-01-01T12:46:55,563,pick_up_item,found item in room,"Room 12, danger level 0.5",1.0,52,0,2,8,0.5
2025-01-01T12:47:00,564,explore,searching current room,"Room 12, danger level 0.5",1.0,52,0,2,8,0.5
2025-01-01T12:47:05,565,explore,searching current room,"Room 12, danger level 0.5",1.0,52,0,2,8,0.5
2025-01-01T12:47:10,566,use_herb,healing during safe moment,"Room 12, danger level 0.5",339.4,52,0,1,8,0.5
2025-01-01T12:47:15,567,explore,searching current room,"Room 12, danger level 0.5",339.4,52,0,1,8,0.5
2025-01-01T12:47:20,568,explore,searching current room,"Room 12, danger level 0.5",339.4,52,0,1,8,0.5
2025-01-01T12:47:25,569,use_herb,healing during safe moment,"Room 12, danger level 0.5",598.2,52,0,0,8,0.5
2025-01-01T12:47:30,570,explore,searching current room,"Room 7, danger level 0.8",598.2,52,0,0,8,0.8
2025-01-01T12:47:35,571,explore,searching current room,"Room 7, danger level 0.8",598.2,52,0,0,8,0.8
2025-01-01T12:47:40,572,explore,searching current room,"Room 7, danger level 0.8",598.2,52,0,0,8,0.8
2025-01-01T12:47:45,573,shoot_handgun,"mild threat, quick handgun shot","Room 7, danger level 0.8",576.5,51,0,0,8,0.8
2025-01-01T12:47:50,574,explore,searching current room,"Room 7, danger level 0.8",576.5,51,0,0,8,0.8
2025-01-01T12:47:55,575,explore,searching current room,"Room 7, danger level 0.8",576.5,51,0,0,8,0.8
2025-01-01T12:48:00,576,explore,searching current room,"Room 7, danger level 0.8",576.5,51,0,0,8,0.8
2025-01-01T12:48:05,577,explore,searching current room,"Room 7, danger level 0.8",576.5,51,0,0,8,0.8
2025-01-01T12:48:10,578,explore,searching current room,"Room 7, danger level 0.8",576.5,51,0,0,8,0.8
2025-01-01T12:48:15,579,explore,searching current room,"Room 7, danger level 0.8",576.5,51,0,0,8,0.8
2025-01-01T12:48:20,580,pick_up_item,found item in room,"Room 7, danger level 0.8",576.5,66,0,0,8,0.8
2025-01-01T12:48:25,581,explore,searching current room,"Room 7, danger level 0.8",576.5,66,0,0,8,0.8
2025-01-01T12:48:30,582,explore,searching current room,"Room 7, danger level 0.8",576.5,66,0,0,8,0.8
2025-01-01T12:48:35,583,explore,searching current room,"Room 7, danger level 0.8",576.5,66,0,0,8,0.8
2025-01-01T12:48:40,584,explore,searching current room,"Room 7, danger level 0.8",576.5,66,0,0,8,0.8
2025-01-01T12:48:45,585,shoot_handgun,engaging enemy with handgun,"Room 37, danger level 8.8",522.4,64,0,0,8,8.8
2025-01-01T12:48:50,586,pick_up_item,found item in room,"Room 37, danger level 8.8",522.4,71,0,0,8,8.8
2025-01-01T12:48:55,587,shoot_handgun,engaging enemy with handgun,"Room 37, danger level 8.8",466.6,68,0,0,8,8.8
2025-01-01T12:49:00,588,shoot_handgun,engaging enemy with handgun,"Room 37, danger level 8.8",376.8,65,0,0,8,8.8
2025-01-01T12:49:05,589,shoot_handgun,engaging enemy with handgun,"Room 37, danger level 8.8",267.6,63,0,0,8,8.8
2025-01-01T12:49:10,590,explore,searching current room,"Room 37, danger level 8.8",267.6,63,0,0,8,8.8
2025-01-01T12:49:15,591,shoot_handgun,engaging enemy with handgun,"Room 37, danger level 8.8",233.8,62,0,0,8,8.8
2025-01-01T12:49:20,592,shoot_handgun,engaging enemy with handgun,"Room 37, danger level 8.8",133.1,60,0,0,8,8.8
2025-01-01T12:49:25,593,explore,searching current room,"Room 37, danger level 8.8",133.1,60,0,0,8,8.8
2025-01-01T12:49:30,594,explore,searching current room,"Room 37, danger level 8.8",133.1,60,0,0,8,8.8
2025-01-01T12:49:35,595,explore,searching current room,"Room 37, danger level 8.8",133.1,60,0,0,8,8.8
2025-01-01T12:49:40,596,shoot_handgun,engaging enemy with handgun,"Room 37, danger level 8.8",85.7,58,0,0,8,8.8
2025-01-01T12:49:45,597,explore,searching current room,"Room 37, danger level 8.8",85.7,58,0,0,8,8.8
2025-01-01T12:49:50,598,explore,searching current room,"Room 37, danger level 8.8",85.7,58,0,0,8,8.8
2025-01-01T12:49:55,599,explore,searching current room,"Room 37, danger level 8.8",85.7,58,0,0,8,8.8
2025-01-01T12:50:00,600,pick_up_item,found item in room,"Room 8, danger level 9.9",85.7,58,4,0,8,9.9
2025-01-01T12:50:05,601,shoot_shotgun,"high danger room, using shotgun","Room 8, danger level 9.9",49.2,58,3,0,8,9.9
2025-01-01T12:50:10,602,explore,searching current room,"Room 8, danger level 9.9",49.2,58,3,0,8,9.9
2025-01-01T12:50:15,603,shoot_shotgun,"high danger room, using shotgun","Room 8, danger level 9.9",29.3,58,2,0,8,9.9
2025-01-01T12:50:20,604,shoot_shotgun,"high danger room, using shotgun","Room 8, danger level 9.9",1.0,58,1,0,8,9.9
2025-01-01T12:50:25,605,explore,searching current room,"Room 8, danger level 9.9",1.0,58,1,0,8,9.9
2025-01-01T12:50:30,606,explore,searching current room,"Room 8, danger level 9.9",1.0,58,1,0,8,9.9
2025-01-01T12:50:35,607,shoot_shotgun,"high danger room, using shotgun","Room 8, danger level 9.9",1.0,58,0,0,8,9.9
2025-01-01T12:50:40,608,shoot_handgun,engaging enemy with handgun,"Room 8, danger level 9.9",1.0,55,0,0,8,9.9
2025-01-01T12:50:45,609,shoot_handgun,engaging enemy with handgun,"Room 8, danger level 9.9",1.0,52,0,0,8,9.9
2025-01-01T12:50:50,610,shoot_handgun,engaging enemy with handgun,"Room 8, danger level 9.9",1.0,51,0,0,8,9.9
2025-01-01T12:50:55,611,shoot_handgun,engaging enemy with handgun,"Room 8, danger level 9.9",1.0,50,0,0,8,9.9
2025-01-01T12:51:00,612,explore,searching current room,"Room 8, danger level 9.9",1.0,50,0,0,8,9.9
2025-01-01T12:51:05,613,shoot_handgun,engaging enemy with handgun,"Room 8, danger level 9.9",1.0,47,0,0,8,9.9
2025-01-01T12:51:10,614,shoot_handgun,engaging enemy with handgun,"Room 8, danger level 9.9",1.0,44,0,0,8,9.9
2025-01-01T12:51:15,615,explore,searching current room,"Room 19, danger level 5.1",1.0,44,0,0,8,5.1
2025-01-01T12:51:20,616,explore,searching current room,"Room 19, danger level 5.1",1.0,44,0,0,8,5.1
2025-01-01T12:51:25,617,shoot_handgun,engaging enemy with handgun,"Room 19, danger level 5.1",1.0,41,0,0,8,5.1
2025-01-01T12:51:30,618,shoot_handgun,engaging enemy with handgun,"Room 19, danger level 5.1",1.0,38,0,0,8,5.1
2025-01-01T12:51:35,619,pick_up_item,found item in room,"Room 19, danger level 5.1",1.0,38,0,1,8,5.1
2025-01-01T12:51:40,620,explore,searching current room,"Room 19, danger level 5.1",1.0,38,0,1,8,5.1
2025-01-01T12:51:45,621,pick_up_item,found item in room,"Room 19, danger level 5.1",1.0,53,0,1,8,5.1
2025-01-01T12:51:50,622,use_herb,healing during safe moment,"Room 19, danger level 5.1",243.2,53,0,0,8,5.1
2025-01-01T12:51:55,623,explore,searching current room,"Room 19, danger level 5.1",243.2,53,0,0,8,5.1
2025-01-01T12:52:00,624,shoot_handgun,engaging enemy with handgun,"Room 19, danger level 5.1",185.2,50,0,0,8,5.1
2025-01-01T12:52:05,625,shoot_handgun,engaging enemy with handgun,"Room 19, danger level 5.1",123.8,48,0,0,8,5.1
2025-01-01T12:52:10,626,shoot_handgun,engaging enemy with handgun,"Room 19, danger level 5.1",70.0,46,0,0,8,5.1
2025-01-01T12:52:15,627,shoot_handgun,engaging enemy with handgun,"Room 19, danger level 5.1",53.6,45,0,0,8,5.1
2025-01-01T12:52:20,628,shoot_handgun,engaging enemy with handgun,"Room 19, danger level 5.1",19.7,43,0,0,8,5.1
2025-01-01T12:52:25,629,shoot_handgun,engaging enemy with handgun,"Room 19, danger level 5.1",1.0,41,0,0,8,5.1
2025-01-01T12:52:30,630,explore,searching current room,"Room 21, danger level 7.3",1.0,41,0,0,8,7.3
2025-01-01T12:52:35,631,shoot_handgun,engaging enemy with handgun,"Room 21, danger level 7.3",1.0,38,0,0,8,7.3
2025-01-01T12:52:40,632,shoot_handgun,engaging enemy with handgun,"Room 21, danger level 7.3",1.0,37,0,0,8,7.3
2025-01-01T12:52:45,633,shoot_handgun,engaging enemy with handgun,"Room 21, danger level 7.3",1.0,36,0,0,8,7.3
2025-01-01T12:52:50,634,shoot_handgun,engaging enemy with handgun,"Room 21, danger level 7.3",1.0,33,0,0,8,7.3
2025-01-01T12:52:55,635,shoot_handgun,engaging enemy with handgun,"Room 21, danger level 7.3",1.0,32,0,0,8,7.3
2025-01-01T12:53:00,636,explore,searching current room,"Room 21, danger level 7.3",1.0,32,0,0,8,7.3
2025-01-01T12:53:05,637,pick_up_item,found item in room,"Room 21, danger level 7.3",1.0,45,0,0,8,7.3
2025-01-01T12:53:10,638,shoot_handgun,engaging enemy with handgun,"Room 21, danger level 7.3",1.0,43,0,0,8,7.3
2025-01-01T12:53:15,639,shoot_handgun,engaging enemy with handgun,"Room 21, danger level 7.3",1.0,40,0,0,8,7.3
2025-01-01T12:53:20,640,shoot_handgun,engaging enemy with handgun,"Room 21, danger level 7.3",1.0,37,0,0,8,7.3
2025-01-01T12:53:25,641,shoot_handgun,engaging enemy with handgun,"Room 21, danger level 7.3",1.0,35,0,0,8,7.3
2025-01-01T12:53:30,642,explore,searching current room,"Room 21, danger level 7.3",1.0,35,0,0,8,7.3
2025-01-01T12:53:35,643,explore,searching current room,"Room 21, danger level 7.3",1.0,35,0,0,8,7.3
2025-01-01T12:53:40,644,shoot_handgun,engaging enemy with handgun,"Room 21, danger level 7.3",1.0,34,0,0,8,7.3
2025-01-01T12:53:45,645,explore,searching current room,"Room 17, danger level 9.7",1.0,34,0,0,8,9.7
2025-01-01T12:53:50,646,shoot_handgun,engaging enemy with handgun,"Room 17, danger level 9.7",1.0,31,0,0,8,9.7
2025-01-01T12:53:55,647,shoot_handgun,engaging enemy with handgun,"Room 17, danger level 9.7",1.0,29,0,0,8,9.7
2025-01-01T12:54:00,648,shoot_handgun,engaging enemy with handgun,"Room 17, danger level 9.7",1.0,26,0,0,8,9.7
2025-01-01T12:54:05,649,shoot_handgun,engaging enemy with handgun,"Room 17, danger level 9.7",1.0,23,0,0,8,9.7
2025-01-01T12:54:10,650,shoot_handgun,engaging enemy with handgun,"Room 17, danger level 9.7",1.0,22,0,0,8,9.7
2025-01-01T12:54:15,651,shoot_handgun,engaging enemy with handgun,"Room 17, danger level 9.7",1.0,20,0,0,8,9.7
2025-01-01T12:54:20,652,shoot_handgun,engaging enemy with handgun,"Room 17, danger level 9.7",1.0,19,0,0,8,9.7
2025-01-01T12:54:25,653,shoot_handgun,engaging enemy with handgun,"Room 17, danger level 9.7",1.0,16,0,0,8,9.7
2025-01-01T12:54:30,654,shoot_handgun,engaging enemy with handgun,"Room 17, danger level 9.7",1.0,13,0,0,8,9.7
2025-01-01T12:54:35,655,shoot_handgun,engaging enemy with handgun,"Room 17, danger level 9.7",1.0,11,0,0,8,9.7
2025-01-01T12:54:40,656,shoot_handgun,engaging enemy with handgun,"Room 17, danger level 9.7",1.0,10,0,0,8,9.7
2025-01-01T12:54:45,657,shoot_handgun,engaging enemy with handgun,"Room 17, danger level 9.7",1.0,9,0,0,8,9.7
2025-01-01T12:54:50,658,shoot_handgun,engaging enemy with handgun,"Room 17, danger level 9.7",1.0,7,0,0,8,9.7
2025-01-01T12:54:55,659,shoot_handgun,engaging enemy with handgun,"Room 17, danger level 9.7",1.0,4,0,0,8,9.7
2025-01-01T12:55:00,660,explore,searching current room,"Room 35, danger level 3.3",1.0,4,0,0,8,3.3
2025-01-01T12:55:05,661,pick_up_item,found item in room,"Room 35, danger level 3.3",1.0,4,2,0,8,3.3
2025-01-01T12:55:10,662,explore,searching current room,"Room 35, danger level 3.3",1.0,4,2,0,8,3.3
2025-01-01T12:55:15,663,explore,searching current room,"Room 35, danger level 3.3",1.0,4,2,0,8,3.3
2025-01-01T12:55:20,664,pick_up_item,found item in room,"Room 35, danger level 3.3",1.0,4,5,0,8,3.3
2025-01-01T12:55:25,665,explore,searching current room,"Room 35, danger level 3.3",1.0,4,5,0,8,3.3
2025-01-01T12:55:30,666,shoot_handgun,"mild threat, quick handgun shot","Room 35, danger level 3.3",1.0,3,5,0,8,3.3
2025-01-01T12:55:35,667,pick_up_item,found item in room,"Room 35, danger level 3.3",1.0,3,5,1,8,3.3
2025-01-01T12:55:40,668,shoot_handgun,"mild threat, quick handgun shot","Room 35, danger level 3.3",1.0,2,5,1,8,3.3
2025-01-01T12:55:45,669,shoot_handgun,"mild threat, quick handgun shot","Room 35, danger level 3.3",1.0,1,5,1,8,3.3
2025-01-01T12:55:50,670,explore,searching current room,"Room 35, danger level 3.3",1.0,1,5,1,8,3.3
2025-01-01T12:55:55,671,explore,searching current room,"Room 35, danger level 3.3",1.0,1,5,1,8,3.3
2025-01-01T12:56:00,672,shoot_handgun,"mild threat, quick handgun shot","Room 35, danger level 3.3",1.0,0,5,1,8,3.3
2025-01-01T12:56:05,673,explore,searching current room,"Room 35, danger level 3.3",1.0,0,5,1,8,3.3
2025-01-01T12:56:10,674,use_herb,healing during safe moment,"Room 35, danger level 3.3",383.4,0,5,0,8,3.3
2025-01-01T12:56:15,675,explore,searching current room,"Room 22, danger level 3.2",383.4,0,5,0,8,3.2
2025-01-01T12:56:20,676,explore,searching current room,"Room 22, danger level 3.2",383.4,0,5,0,8,3.2
2025-01-01T12:56:25,677,explore,searching current room,"Room 22, danger level 3.2",383.4,0,5,0,8,3.2
2025-01-01T12:56:30,678,explore,searching current room,"Room 22, danger level 3.2",383.4,0,5,0,8,3.2
2025-01-01T12:56:35,679,explore,searching current room,"Room 22, danger level 3.2",383.4,0,5,0,8,3.2
2025-01-01T12:56:40,680,explore,searching current room,"Room 22, danger level 3.2",383.4,0,5,0,8,3.2
2025-01-01T12:56:45,681,explore,searching current room,"Room 22, danger level 3.2",383.4,0,5,0,8,3.2
2025-01-01T12:56:50,682,explore,searching current room,"Room 22, danger level 3.2",383.4,0,5,0,8,3.2
2025-01-01T12:56:55,683,explore,searching current room,"Room 22, danger level 3.2",383.4,0,5,0,8,3.2
2025-01-01T12:57:00,684,explore,searching current room,"Room 22, danger level 3.2",383.4,0,5,0,8,3.2
2025-01-01T12:57:05,685,explore,searching current room,"Room 22, danger level 3.2",383.4,0,5,0,8,3.2
2025-01-01T12:57:10,686,explore,searching current room,"Room 22, danger level 3.2",383.4,0,5,0,8,3.2
2025-01-01T12:57:15,687,explore,searching current room,"Room 22, danger level 3.2",383.4,0,5,0,8,3.2
2025-01-01T12:57:20,688,pick_up_item,found item in room,"Room 22, danger level 3.2",383.4,6,5,0,8,3.2
2025-01-01T12:57:25,689,explore,searching current room,"Room 22, danger level 3.2",383.4,6,5,0,8,3.2
2025-01-01T12:57:30,690,pick_up_item,found item in room,"Room 17, danger level 9.7",383.4,6,5,0,9,9.7
2025-01-01T12:57:35,691,shoot_shotgun,"high danger room, using shotgun","Room 17, danger level 9.7",336.1,6,4,0,9,9.7
2025-01-01T12:57:40,692,shoot_shotgun,"high danger room, using shotgun","Room 17, danger level 9.7",315.1,6,3,0,9,9.7
2025-01-01T12:57:45,693,pick_up_item,found item in room,"Room 17, danger level 9.7",315.1,19,3,0,9,9.7
2025-01-01T12:57:50,694,shoot_shotgun,"high danger room, using shotgun","Room 17, danger level 9.7",287.0,19,2,0,9,9.7
2025-01-01T12:57:55,695,shoot_shotgun,"high danger room, using shotgun","Room 17, danger level 9.7",253.1,19,1,0,9,9.7
2025-01-01T12:58:00,696,shoot_shotgun,"high danger room, using shotgun","Room 17, danger level 9.7",198.8,19,0,0,9,9.7
2025-01-01T12:58:05,697,shoot_handgun,engaging enemy with handgun,"Room 17, danger level 9.7",80.8,18,0,0,9,9.7
2025-01-01T12:58:10,698,shoot_handgun,engaging enemy with handgun,"Room 17, danger level 9.7",1.0,16,0,0,9,9.7
2025-01-01T12:58:15,699,shoot_handgun,engaging enemy with handgun,"Room 17, danger level 9.7",1.0,14,0,0,9,9.7
2025-01-01T12:58:20,700,shoot_handgun,engaging enemy with handgun,"Room 17, danger level 9.7",1.0,13,0,0,9,9.7
2025-01-01T12:58:25,701,pick_up_item,found item in room,"Room 17, danger level 9.7",1.0,13,0,0,10,9.7
2025-01-01T12:58:30,702,pick_up_item,found item in room,"Room 17, danger level 9.7",1.0,13,0,0,10,9.7
2025-01-01T12:58:35,703,shoot_handgun,engaging enemy with handgun,"Room 17, danger level 9.7",1.0,12,0,0,10,9.7
2025-01-01T12:58:40,704,explore,searching current room,"Room 17, danger level 9.7",1.0,12,0,0,10,9.7
2025-01-01T12:58:45,705,explore,searching current room,"Room 32, danger level 1.9",1.0,12,0,0,10,1.9
2025-01-01T12:58:50,706,pick_up_item,found item in room,"Room 32, danger level 1.9",1.0,26,0,0,10,1.9
2025-01-01T12:58:55,707,shoot_handgun,"mild threat, quick handgun shot","Room 32, danger level 1.9",1.0,25,0,0,10,1.9
2025-01-01T12:59:00,708,explore,searching current room,"Room 32, danger level 1.9",1.0,25,0,0,10,1.9
2025-01-01T12:59:05,709,explore,searching current room,"Room 32, danger level 1.9",1.0,25,0,0,10,1.9
2025-01-01T12:59:10,710,explore,searching current room,"Room 32, danger level 1.9",1.0,25,0,0,10,1.9
2025-01-01T12:59:15,711,pick_up_item,found item in room,"Room 32, danger level 1.9",1.0,37,0,0,10,1.9
2025-01-01T12:59:20,712,explore,searching current room,"Room 32, danger level 1.9",1.0,37,0,0,10,1.9
2025-01-01T12:59:25,713,shoot_handgun,"mild threat, quick handgun shot","Room 32, danger level 1.9",1.0,36,0,0,10,1.9
2025-01-01T12:59:30,714,pick_up_item,found item in room,"Room 32, danger level 1.9",1.0,36,0,1,10,1.9
2025-01-01T12:59:35,715,explore,searching current room,"Room 32, danger level 1.9",1.0,36,0,1,10,1.9
2025-01-01T12:59:40,716,pick_up_item,found item in room,"Room 32, danger level 1.9",1.0,36,0,1,10,1.9
2025-01-01T12:59:45,717,pick_up_item,found item in room,"Room 32, danger level 1.9",1.0,36,5,1,10,1.9
2025-01-01T12:59:50,718,explore,searching current room,"Room 32, danger level 1.9",1.0,36,5,1,10,1.9
2025-01-01T12:59:55,719,use_herb,healing during safe moment,"Room 32, danger level 1.9",331.7,36,5,0,10,1.9
